"year_start","year_end","iso_alpha_3_code","env_mat","env_pregrelated","env_total","final_pm","mmr","definition","live_births","include","include_reason","citation_short","refID","mdeathspluslate","ramos? (yes=1)","citation_long","comments","env_total_lifetables","live_births_lifetables","year_mid","type","obs_selogpm"
1999,2002,"AFG",NA,NA,NA,0.892388745656317,1900,"maternal",NA,FALSE,"Study not nationally representative","RAMOS 2002
",NA,NA,NA,NA,NA,62447,2933000,2000.5,"misc",NA
1999,2000,"DZA",697,NA,7757,0.089854325,117.41,"maternal",593643,TRUE,NA,"ENMM 1999
",NA,NA,NA,NA,NA,13922,597000,1999.5,"misc",NA
2007,2011,"BGD",103.78,107.804,736,0.141005435,194,"maternal",NA,TRUE,NA,"BMMS 2010
",NA,NA,NA,NA,NA,325187,13298000,2009,"misc",NA
2013,2017,"BGD",NA,NA,NA,0.0865119735539348,195.862,"maternal",NA,TRUE,NA,"BMMS 2016 (Preliminary Report)
",NA,NA,NA,NA,NA,275731,12179000,2015,"misc",NA
1992.33,1994.17,"BTN",NA,18,102,0.176470588,380,"pregn",4735,TRUE,NA,"NHS 1994
",NA,NA,NA,NA,NA,987.760000000078,34290.0000000027,1993.25,"misc",NA
1999.2,2000.2,"BTN",NA,6,NA,0.0884363468634686,255.64,"pregn",NA,TRUE,NA,"NHS 2000
",NA,NA,NA,NA,NA,433.6,15000,1999.7,"misc",NA
2006,2011,"BTN",NA,12,145,0.08,145.7,"pregn",NA,TRUE,NA,"BMIS 2010
",NA,NA,NA,NA,NA,1773,70000,2008.5,"misc",NA
1982.33,1989.33,"BOL",NA,47.2,NA,NA,373,"pregn",NA,TRUE,NA,"DHS 1998
",NA,NA,NA,NA,NA,NA,NA,1985.83,"misc",NA
1984.16,1989.16,"BOL",NA,206,NA,NA,416,"pregn",NA,TRUE,NA,"DHS 1994
",NA,NA,NA,NA,NA,NA,NA,1986.66,"misc",NA
1989.16,1994.16,"BOL",NA,226,NA,0.16052955736506,390,"pregn",NA,TRUE,NA,"DHS 1994
",NA,NA,NA,NA,NA,31011.56,1276480,1991.66,"misc",NA
2011,2012,"BOL",538,NA,NA,0.0828235294117647,160,"maternal",NA,TRUE,NA,"Estudio Nacional de Mortalidad Materna 2011 Bolivia
",NA,NA,NA,NA,NA,5100,264000,2011.5,"misc",NA
2015,2016,"BWA",73,NA,NA,0.0417498871331829,151.6,"maternal",57480,TRUE,NA,"CSO Botswana - Maternal mortality ratio 2011-2015",NA,NA,NA,NA,NA,2215,61000,2015.5,"misc",NA
2014,2015,"BWA",72,NA,NA,0.032171926910299,127,"maternal",47478,TRUE,NA,"CSO Botswana - Maternal mortality ratio 2011-2015",NA,NA,NA,NA,NA,2408,61000,2014.5,"misc",NA
2013,2014,"BWA",91,NA,NA,0.0421709006928407,182.6,"maternal",49839,TRUE,NA,"CSO Stats Brief 2014/1
",NA,NA,NA,NA,NA,2598,60000,2013.5,"misc",NA
2012,2013,"BWA",74,NA,NA,0.0287463556851312,147.9,"maternal",50048,TRUE,NA,"CSO Stats Brief 2014/2
",NA,NA,NA,NA,NA,3087,60000,2012.5,"misc",NA
2011,2012,"BWA",85,NA,NA,0.0370436835106383,188.86,"maternal",45008,TRUE,NA,"CSO Stats Brief 2014/2
",NA,NA,NA,NA,NA,3008,59000,2011.5,"misc",NA
2010,2011,"BWA",82,NA,NA,0.0287442991790818,163,"maternal",50328,TRUE,NA,"CSO Stats Brief 2014/2
",NA,NA,NA,NA,NA,3289,58000,2010.5,"misc",NA
2009,2010,"BWA",86,NA,NA,0.0293514682327816,189.57,"maternal",45365,TRUE,NA,"CSO Stats Brief 2014/2
",NA,NA,NA,NA,NA,3746,58000,2009.5,"misc",NA
2008,2009,"BWA",88,NA,NA,0.0267416347075743,195.73,"maternal",44961,TRUE,NA,"CSO Stats Brief 2014/2
",NA,NA,NA,NA,NA,4172,57000,2008.5,"misc",NA
2007,2008,"BWA",82,NA,NA,0.0223597823721436,183.47,"maternal",44693,TRUE,NA,"CSO Stats Brief 2009/17
",NA,NA,NA,NA,NA,4595,56000,2007.5,"misc",NA
2006,2007,"BWA",62,NA,NA,0.0152276688453159,139.79,"maternal",44352,TRUE,NA,"CSO Stats Brief 2009/17
",NA,NA,NA,NA,NA,5049,55000,2006.5,"misc",NA
2005,2006,"BWA",71,NA,NA,0.0164970941495544,157.7,"maternal",45029,TRUE,NA,"CSO Stats Brief 2009/17
",NA,NA,NA,NA,NA,5162,54000,2005.5,"misc",NA
2016,2017,"BWA",85,NA,NA,0.0533963107881498,156.6,"maternal",54267,TRUE,NA,"Maternal Mortality Ratio 2017",NA,NA,NA,NA,NA,1789,61000,2016.5,"misc",NA
2017,2018,"BWA",75,NA,NA,0.0581427635887361,143.2,"maternal",52358,TRUE,NA,"Maternal Mortality Ratio 2017",NA,NA,NA,NA,NA,1527,62000,2017.5,"misc",NA
2010,2011,"CMR",121,NA,2510,0.048207171,652,"maternal",18551,FALSE,"Study not nationally representative","Rapport d’expertise sur les données relatives à la mortalité maternelle, 2010
",NA,NA,NA,NA,NA,24971,795000,2010.5,"misc",NA
1990,1991,"CHN",NA,NA,NA,0.0519244771117973,88.9,"maternal",NA,TRUE,NA,"Chinese Health Statistical Digest 2008
",NA,NA,NA,NA,NA,482847,28202000,1990.5,"misc",NA
1995,1996,"CHN",NA,NA,NA,0.0254760965799167,61.9,"maternal",NA,TRUE,NA,"Chinese Health Statistical Digest 2008
",NA,NA,NA,NA,NA,457445,18827000,1995.5,"misc",NA
1997,1998,"CHN",NA,NA,NA,0.024387874481007,63.6,"maternal",NA,TRUE,NA,"Chinese Health Statistical Digest 2004
",NA,NA,NA,NA,NA,455931,17483000,1997.5,"misc",NA
1999,2000,"CHN",NA,NA,NA,0.0217292162468478,58.7,"maternal",NA,TRUE,NA,"Chinese Health Statistical Digest 2004
",NA,NA,NA,NA,NA,450869,16690000,1999.5,"misc",NA
2000,2001,"CHN",NA,NA,NA,0.0210858611848711,53,"maternal",NA,TRUE,NA,"Chinese Health Statistical Digest 2008
",NA,NA,NA,NA,NA,437229,17395000,2000.5,"misc",NA
2001,2002,"CHN",NA,NA,NA,0.0204570768416313,50.2,"maternal",NA,TRUE,NA,"Chinese Health Statistical Digest 2008
",NA,NA,NA,NA,NA,404234,16473000,2001.5,"misc",NA
2002,2003,"CHN",NA,NA,NA,0.0176472885879826,43.2,"maternal",NA,TRUE,NA,"Chinese Health Statistical Digest 2008
",NA,NA,NA,NA,NA,399386,16315000,2002.5,"misc",NA
2003,2004,"CHN",NA,NA,NA,0.0210939747300386,51.3,"maternal",NA,TRUE,NA,"Chinese Health Statistical Digest 2008
",NA,NA,NA,NA,NA,394223,16210000,2003.5,"misc",NA
2004,2005,"CHN",NA,NA,NA,0.0204470107509207,48.3,"maternal",NA,TRUE,NA,"Chinese Health Statistical Digest 2008
",NA,NA,NA,NA,NA,389362,16483000,2004.5,"misc",NA
2005,2006,"CHN",NA,NA,NA,0.0207545102032823,47.7,"maternal",NA,TRUE,NA,"Chinese Health Statistical Digest 2008
",NA,NA,NA,NA,NA,382965,16663000,2005.5,"misc",NA
2006,2007,"CHN",NA,NA,NA,0.0184099627804363,41.1,"maternal",NA,TRUE,NA,"Chinese Health Statistical Digest 2008
",NA,NA,NA,NA,NA,378027,16933000,2006.5,"misc",NA
2007,2008,"CHN",NA,NA,NA,0.017016708266988,36.6,"maternal",NA,TRUE,NA,"Chinese Health Statistical Digest 2008
",NA,NA,NA,NA,NA,371792,17286000,2007.5,"misc",NA
2008,2009,"CHN",NA,NA,NA,0.0156940794056188,34.2,"maternal",NA,TRUE,NA,"Chinese Health Statistical Digest 2013
",NA,NA,NA,NA,NA,387630,17788000,2008.5,"misc",NA
2009,2010,"CHN",NA,NA,NA,0.0158036729315791,31.9,"maternal",NA,TRUE,NA,"Chinese Health Statistical Digest 2013
",NA,NA,NA,NA,NA,365049,18085000,2009.5,"misc",NA
2010,2011,"CHN",NA,NA,NA,0.01470406652425,30,"maternal",NA,TRUE,NA,"Chinese Health Statistical Digest 2013
",NA,NA,NA,NA,NA,366062,17942000,2010.5,"misc",NA
2011,2012,"CHN",NA,NA,NA,0.0127611612407778,26.1,"maternal",NA,TRUE,NA,"Chinese Health Statistical Digest 2013
",NA,NA,NA,NA,NA,364610,17827000,2011.5,"misc",NA
2012,2013,"CHN",NA,NA,NA,0.0131423985855239,24.5,"maternal",NA,TRUE,NA,"Chinese Health Statistical Digest 2013
",NA,NA,NA,NA,NA,358578,19235000,2012.5,"misc",NA
2004,2006,"CHN",747,NA,36624,0.02,NA,"maternal",NA,TRUE,NA,"Third Survey on Mortality 2004-2005
",NA,NA,NA,NA,NA,772327,33146000,2005,"misc",NA
1992.25,1993.16,"EGY",772,NA,7487,0.1031,174,"maternal",443248,TRUE,NA,"NMMS 1992-1993
",NA,NA,NA,NA,NA,25192.4900000023,1729600.00000015,1992.705,"misc",NA
2000,2001,"EGY",585,639,8497,0.0688,84,"maternal",1752562,TRUE,NA,"NMMS 2000
",NA,NA,NA,NA,NA,28392,1926000,2000.5,"misc",NA
2004,2005,"EGY",1251,NA,21553,0.058042964,68,"maternal",NA,TRUE,NA,"NMMSS 2004
",NA,NA,NA,NA,NA,28725,2013000,2004.5,"misc",NA
2006,2007,"EGY",1143,NA,22292,0.051274,59,"maternal",NA,TRUE,NA,"NMMSS 2006
",NA,NA,NA,NA,NA,27873,2088000,2006.5,"misc",NA
2008,2009,"SLV",53,NA,NA,0.0227108376193975,51.09,"maternal",103721,TRUE,NA,"MoH 2009
",NA,NA,NA,NA,NA,2722,121000,2008.5,"misc",NA
2007,2008,"SLV",57,NA,NA,0.0257346196251378,56.93,"maternal",100111,TRUE,NA,"MoH 2009
",NA,NA,NA,NA,NA,2721,123000,2007.5,"misc",NA
2002.6,2003.5,"ERI",41,NA,248,0.165322581,631,"maternal",NA,TRUE,NA,"Determining the Level of Maternal Mortality in Eritrea using RAMOS 2002-2003
",NA,NA,NA,NA,NA,2691.90000000027,86000.0000000086,2003.05,"misc",NA
2000,2001,"FJI",10,NA,NA,0.022368932038835,57.6,"maternal",17366,TRUE,NA,"Maternal Mortality in Fiji 2008-2012
",NA,NA,NA,NA,NA,515,20000,2000.5,"misc",NA
2001,2002,"FJI",7,NA,NA,0.0162091254752852,40.6,"maternal",17222,TRUE,NA,"Maternal Mortality in Fiji 2008-2012
",NA,NA,NA,NA,NA,526,21000,2001.5,"misc",NA
2002,2003,"FJI",6,NA,NA,0.0131203539823009,35.3,"maternal",17002,TRUE,NA,"Maternal Mortality in Fiji 2008-2012
",NA,NA,NA,NA,NA,565,21000,2002.5,"misc",NA
2003,2004,"FJI",8,NA,NA,0.0167924865831843,44.7,"maternal",17910,TRUE,NA,"Maternal Mortality in Fiji 2008-2012
",NA,NA,NA,NA,NA,559,21000,2003.5,"misc",NA
2004,2005,"FJI",11,NA,NA,0.0235822784810127,62.1,"maternal",17714,TRUE,NA,"Maternal Mortality in Fiji 2008-2012
",NA,NA,NA,NA,NA,553,21000,2004.5,"misc",NA
2005,2006,"FJI",9,NA,NA,0.0193521897810219,50.5,"maternal",17826,TRUE,NA,"Maternal Mortality in Fiji 2008-2012
",NA,NA,NA,NA,NA,548,21000,2005.5,"misc",NA
2006,2007,"FJI",8,NA,NA,0.0167614678899083,43.5,"maternal",18394,TRUE,NA,"Maternal Mortality in Fiji 2008-2012
",NA,NA,NA,NA,NA,545,21000,2006.5,"misc",NA
2007,2008,"FJI",6,NA,NA,0.0118101265822785,31.1,"maternal",19298,TRUE,NA,"Maternal Mortality in Fiji 2008-2012
",NA,NA,NA,NA,NA,553,21000,2007.5,"misc",NA
2008,2009,"FJI",7,16,NA,0.014256880733945,37,"maternal",18944,TRUE,NA,"Maternal Mortality in Fiji 2008-2012
",NA,NA,NA,NA,NA,545,21000,2008.5,"misc",NA
2009,2010,"FJI",5,8,NA,0.0104018691588785,26.5,"maternal",18854,TRUE,NA,"Maternal Mortality in Fiji 2008-2012
",NA,NA,NA,NA,NA,535,21000,2009.5,"misc",NA
2010,2011,"FJI",5,9,NA,0.00905725190839695,22.6,"maternal",22089,TRUE,NA,"Maternal Mortality in Fiji 2008-2012
",NA,NA,NA,NA,NA,524,21000,2010.5,"misc",NA
2011,2012,"FJI",8,12,NA,0.0152826510721248,39.2,"maternal",20425,TRUE,NA,"Maternal Mortality in Fiji 2008-2012
",NA,NA,NA,NA,NA,513,20000,2011.5,"misc",NA
2012,2013,"FJI",12,16,NA,0.0232421875,59.5,"maternal",20178,TRUE,NA,"Maternal Mortality in Fiji 2008-2012
",NA,NA,NA,NA,NA,512,20000,2012.5,"misc",NA
1985.54,1990.54,"GTM",NA,19,NA,0.0615857486406351,105,"pregn",NA,TRUE,NA,"DHS 1995
",NA,NA,NA,NA,NA,28991.48,1700440,1988.04,"misc",NA
1990.54,1995.54,"GTM",NA,35,NA,0.111980435606133,190,"pregn",NA,TRUE,NA,"DHS 1995
",NA,NA,NA,NA,NA,31571.64,1860740,1993.04,"misc",NA
2016,2017,"GTM",462,NA,6150,0.075121951,113.8,"maternal",405954,TRUE,NA,"Surveillance 2016-2017",NA,NA,NA,NA,NA,6054,417000,2016.5,"misc",NA
2017,2018,"GTM",447,NA,6186,0.072259942,110,"maternal",406257,TRUE,NA,"Surveillance 2016-2017",NA,NA,NA,NA,NA,6127,412000,2017.5,"misc",NA
2014,2017,"IND",556,NA,NA,0.0545177835824718,130,"maternal",426861,TRUE,NA,"Maternal Mortality 2014-2016",NA,NA,NA,NA,NA,1776723,74510000,2015.5,"misc",NA
2011,2014,"IND",718,NA,NA,0.0694672714336535,167,"maternal",430000,TRUE,NA,"Maternal Mortality 2011-2013",NA,NA,NA,NA,NA,1877748,78109000,2012.5,"misc",NA
2010,2013,"IND",767,NA,NA,0.0734938248431571,178,"maternal",430170,TRUE,NA,"Maternal Mortality 2010-2012
",NA,NA,NA,NA,NA,1912583,78968000,2011.5,"misc",NA
2007,2010,"IND",926,NA,NA,0.0857578959915779,212,"maternal",436411,TRUE,NA,"Maternal Mortality 2007-2009
",NA,NA,NA,NA,NA,1996646,80768000,2008.5,"misc",NA
2004,2007,"IND",1110,NA,NA,0.10062549446415,254,"maternal",436648,TRUE,NA,"Maternal Mortality 2004-2006
",NA,NA,NA,NA,NA,2094439,82974000,2005.5,"misc",NA
1997,1999,"IND",1589,NA,NA,0.152843321647689,398,"maternal",399412,TRUE,NA,"Maternal Mortality 1997-1998
",NA,NA,NA,NA,NA,1477026,56722000,1998,"misc",NA
1999,2002,"IND",1512,NA,NA,0.125044706052193,327,"maternal",462355,TRUE,NA,"Maternal Mortality 1999-2001",NA,NA,NA,NA,NA,2244327,85823000,2000.5,"misc",NA
1998,2000,"IND",NA,NA,NA,0.205397898084091,540,"maternal",NA,TRUE,NA,"NFHS-2: 1998-1999
",NA,NA,NA,NA,NA,1491877,56746000,1999,"misc",NA
2001,2004,"IND",1383,NA,NA,0.117158904344364,301,"maternal",459631,TRUE,NA,"Million Death Study 2001-2003",NA,NA,NA,NA,NA,2205547,85847000,2002.5,"misc",NA
1991,1993,"IND",NA,NA,NA,0.178705255908488,437,"maternal",NA,TRUE,NA,"NFHS-1: 1992-1993
",NA,NA,NA,NA,NA,1369259,55994000,1992,"misc",NA
2002,2003,"IRN",308,NA,NA,0.011745638272677,27.4,"maternal",NA,TRUE,NA,"Surveillance System
",NA,NA,NA,NA,NA,25334,1086000,2002.5,"misc",NA
2003,2004,"IRN",332,NA,NA,0.00950455152701401,28.3,"maternal",NA,TRUE,NA,"Surveillance System
",NA,NA,NA,NA,NA,32187,1081000,2003.5,"misc",NA
2004,2005,"IRN",278,NA,17609,0.015787381,24.1,"maternal",NA,TRUE,NA,"Surveillance System
",NA,NA,NA,NA,NA,25344,1107000,2004.5,"misc",NA
2005,2006,"IRN",295,NA,18258,0.016157301,23.8,"maternal",NA,TRUE,NA,"Surveillance System
",NA,NA,NA,NA,NA,21235,1134000,2005.5,"misc",NA
2006,2007,"IRN",273,NA,18427,0.014815217,21.7,"maternal",NA,TRUE,NA,"Surveillance System
",NA,NA,NA,NA,NA,21827,1173000,2006.5,"misc",NA
2007,2008,"IRN",318,NA,18859,0.016861976,24.7,"maternal",NA,TRUE,NA,"Surveillance System
",NA,NA,NA,NA,NA,22391,1221000,2007.5,"misc",NA
2008,2009,"IRN",272,NA,22505,0.012086203,20.9,"maternal",NA,TRUE,NA,"Surveillance System
",NA,NA,NA,NA,NA,27264,1265000,2008.5,"misc",NA
2009,2010,"IRN",343,NA,26582,0.012903469,25.4,"maternal",NA,TRUE,NA,"Surveillance System
",NA,NA,NA,NA,NA,31933,1304000,2009.5,"misc",NA
2010,2011,"IRN",301,NA,22562,0.013341016,22.1,"maternal",NA,TRUE,NA,"Surveillance System
",NA,NA,NA,NA,NA,28691,1337000,2010.5,"misc",NA
2011,2012,"IRN",297,NA,20285,0.014641361,21.5,"maternal",NA,TRUE,NA,"Surveillance System
",NA,NA,NA,NA,NA,24822,1388000,2011.5,"misc",NA
2012,2013,"IRN",278,NA,18718,0.014852014,19.9,"maternal",NA,TRUE,NA,"Surveillance System
",NA,NA,NA,NA,NA,23463,1464000,2012.5,"misc",NA
2013,2014,"IRN",291,NA,18080,0.016095133,19.7,"maternal",NA,TRUE,NA,"Surveillance System
",NA,NA,NA,NA,NA,22483,1526000,2013.5,"misc",NA
2011,2013,"IRQ",NA,382,6383,0.059846467,35,"maternal",NA,TRUE,NA,"Mortality Survey 2013
",NA,NA,NA,NA,NA,32263,2291000,2012,"misc",NA
1990,1999,"IRQ",NA,393,1377,0.28540305,291,"pregn",NA,TRUE,NA,"ICMMS 1999
",NA,NA,NA,NA,NA,89986,6957000,1994.5,"misc",NA
2017,2018,"LBN",21,NA,659,0.031866464,17,"maternal",124597,TRUE,NA,"Surveillance 2017-2018",NA,NA,NA,NA,NA,991,105000,2017.5,"misc",NA
2018,2019,"LBN",17,NA,622,0.02733119,13.4,"maternal",127143,TRUE,NA,"Surveillance 2017-2019",NA,NA,NA,NA,NA,954,99000,2018.5,"misc",NA
2005.2,2006.2,"LSO",NA,NA,NA,0.0698795243423278,939,"pregn",NA,TRUE,NA,"Census 2006",NA,NA,NA,NA,NA,7686.20000000001,57200,2005.7,"misc",NA
1992,1993,"MNG",129,NA,NA,0.0921108829568789,203.9,"maternal",NA,TRUE,NA,"Country Consultation in 2015: MoHS
",NA,NA,NA,NA,NA,1461,66000,1992.5,"misc",NA
1993,1994,"MNG",124,NA,NA,0.107039295392954,259,"maternal",NA,TRUE,NA,"Country Consultation in 2015: MoHS
",NA,NA,NA,NA,NA,1476,61000,1993.5,"misc",NA
1994,1995,"MNG",116,NA,NA,0.0849064171122995,219,"maternal",NA,TRUE,NA,"Country Consultation in 2015: MoHS
",NA,NA,NA,NA,NA,1496,58000,1994.5,"misc",NA
1995,1996,"MNG",101,NA,NA,0.0674856779121579,186,"maternal",NA,TRUE,NA,"Country Consultation in 2015: MoHS
",NA,NA,NA,NA,NA,1571,57000,1995.5,"misc",NA
1996,1997,"MNG",90,NA,NA,0.0565388788426763,173.7,"maternal",NA,TRUE,NA,"Country Consultation in 2015: MoHS
",NA,NA,NA,NA,NA,1659,54000,1996.5,"misc",NA
1997,1998,"MNG",71,NA,NA,0.0447094068304374,143.5,"maternal",NA,TRUE,NA,"Country Consultation in 2015: MoHS
",NA,NA,NA,NA,NA,1669,52000,1997.5,"misc",NA
1998,1999,"MNG",80,NA,NA,0.0506259168704157,162.4,"maternal",NA,TRUE,NA,"Country Consultation in 2015: MoHS
",NA,NA,NA,NA,NA,1636,51000,1998.5,"misc",NA
1999,2000,"MNG",90,NA,NA,0.0571551724137931,182,"maternal",NA,TRUE,NA,"Country Consultation in 2015: MoHS
",NA,NA,NA,NA,NA,1624,51000,1999.5,"misc",NA
2000,2001,"MNG",81,NA,NA,0.0513597033374536,166.2,"maternal",NA,TRUE,NA,"Country Consultation in 2015: MoHS
",NA,NA,NA,NA,NA,1618,50000,2000.5,"misc",NA
2001,2002,"MNG",82,NA,NA,0.0529469548133595,165,"maternal",NA,TRUE,NA,"Country Consultation in 2015: MoHS
",NA,NA,NA,NA,NA,1527,49000,2001.5,"misc",NA
2002,2003,"MNG",57,NA,NA,0.0391409395973154,121.5,"maternal",NA,TRUE,NA,"Country Consultation in 2015: MoHS
",NA,NA,NA,NA,NA,1490,48000,2002.5,"misc",NA
2003,2004,"MNG",49,NA,NA,0.0357586941092974,107.2,"maternal",NA,TRUE,NA,"Country Consultation in 2015: MoHS
",NA,NA,NA,NA,NA,1409,47000,2003.5,"misc",NA
2004,2005,"MNG",44,NA,NA,0.0323250355618777,96.7,"maternal",NA,TRUE,NA,"Country Consultation in 2015: MoHS
",NA,NA,NA,NA,NA,1406,47000,2004.5,"misc",NA
2005,2006,"MNG",42,NA,NA,0.0309,92.7,"maternal",NA,TRUE,NA,"Country Consultation in 2015: MoHS
",NA,NA,NA,NA,NA,1440,48000,2005.5,"misc",NA
2006,2007,"MNG",33,NA,NA,0.0234579055441478,67.2,"maternal",NA,TRUE,NA,"Country Consultation in 2015: MoHS
",NA,NA,NA,NA,NA,1461,51000,2006.5,"misc",NA
2007,2008,"MNG",50,NA,NA,0.033799043062201,88.3,"maternal",NA,TRUE,NA,"Country Consultation in 2015: MoHS
",NA,NA,NA,NA,NA,1463,56000,2007.5,"misc",NA
2008,2009,"MNG",31,NA,NA,0.0198773006134969,48.6,"maternal",NA,TRUE,NA,"Country Consultation in 2015: MoHS
",NA,NA,NA,NA,NA,1467,60000,2008.5,"misc",NA
2009,2010,"MNG",56,NA,NA,0.0352904564315353,81,"maternal",NA,TRUE,NA,"Country Consultation in 2015: MoHS
",NA,NA,NA,NA,NA,1446,63000,2009.5,"misc",NA
2010,2011,"MNG",30,NA,NA,0.0208825174825175,47.4,"maternal",NA,TRUE,NA,"Country Consultation in 2015: MoHS
",NA,NA,NA,NA,NA,1430,63000,2010.5,"misc",NA
2011,2012,"MNG",34,NA,NA,0.021791186440678,48.7,"maternal",NA,TRUE,NA,"Country Consultation in 2015: MoHS
",NA,NA,NA,NA,NA,1475,66000,2011.5,"misc",NA
2012,2013,"MNG",38,NA,NA,0.0260064011379801,51.5,"maternal",NA,TRUE,NA,"Country Consultation in 2015: MoHS
",NA,NA,NA,NA,NA,1406,71000,2012.5,"misc",NA
2013,2014,"MNG",34,NA,NA,0.0231689630166788,42.6,"maternal",NA,TRUE,NA,"Country Consultation in 2015: MoHS
",NA,NA,NA,NA,NA,1379,75000,2013.5,"misc",NA
2014,2015,"MNG",25,NA,NA,0.0171869918699187,30.2,"maternal",NA,TRUE,NA,"Country Consultation in 2015: MoHS
",NA,NA,NA,NA,NA,1353,77000,2014.5,"misc",NA
2009,2010,"MAR",NA,648,13128,0.049,112,"pregn",NA,TRUE,NA,"National Demographic Survey 2009-2010
",NA,NA,NA,NA,NA,13934,687000,2009.5,"misc",NA
1992,1997,"MAR",NA,63,NA,0.0863118069145467,228,"pregn",NA,TRUE,NA,"ENSME 1997
",NA,NA,NA,NA,NA,91980,3482000,1994.5,"misc",NA
1998.67,1999.67,"MMR",NA,NA,NA,0.0658273001051162,255,"pregn",NA,TRUE,NA,"NMS 1999
",NA,NA,NA,NA,NA,40583.5800000001,1047650,1999.17,"misc",NA
2004,2005,"MMR",71,NA,NA,0.0769300403178271,315.86,"maternal",22478,TRUE,NA,"NMMS 2004-2005
",NA,NA,NA,NA,NA,42413,1033000,2004.5,"misc",NA
2008.38,2009.38,"NPL",160,172,1496,0.106951872,229,"maternal",69775,FALSE,"Study not nationally representative","MMMS 2008-2009
",NA,NA,NA,NA,NA,15504.26,632439.999999999,2008.88,"misc",NA
1991,1992,"OMN",13,13,NA,0.0472413793103448,27.4,"maternal",47497,TRUE,NA,"Vital Registration and Surveillance 1991-2018",NA,NA,NA,NA,NA,377,65000,1991.5,"misc",NA
1992,1993,"OMN",9,13,NA,0.0258931297709924,15.9,"maternal",56747,TRUE,NA,"Vital Registration and Surveillance 1991-2018",NA,NA,NA,NA,NA,393,64000,1992.5,"misc",NA
1993,1994,"OMN",4,4,NA,0.00989690721649485,6,"maternal",66667,TRUE,NA,"Vital Registration and Surveillance 1991-2018",NA,NA,NA,NA,NA,388,64000,1993.5,"misc",NA
1994,1995,"OMN",13,13,NA,0.0380495049504951,24.4,"maternal",53388,TRUE,NA,"Vital Registration and Surveillance 1991-2018",NA,NA,NA,NA,NA,404,63000,1994.5,"misc",NA
1995,1996,"OMN",12,15,NA,0.0347668393782383,22,"maternal",54519,TRUE,NA,"Vital Registration and Surveillance 1991-2018",NA,NA,NA,NA,NA,386,61000,1995.5,"misc",NA
1996,1997,"OMN",10,10,NA,0.0321859296482412,21,"maternal",47619,TRUE,NA,"Vital Registration and Surveillance 1991-2018",NA,NA,NA,NA,NA,398,61000,1996.5,"misc",NA
1997,1998,"OMN",6,8,NA,0.0192753623188406,13.3,"maternal",44944,TRUE,NA,"Vital Registration and Surveillance 1991-2018",NA,NA,NA,NA,NA,414,60000,1997.5,"misc",NA
1998,1999,"OMN",9,9,NA,0.0291338582677165,18.5,"maternal",48662,TRUE,NA,"Vital Registration and Surveillance 1991-2018",NA,NA,NA,NA,NA,381,60000,1998.5,"misc",NA
1999,2000,"OMN",7,11,NA,0.0206532663316583,13.7,"maternal",51000,TRUE,NA,"Vital Registration and Surveillance 1991-2018",NA,NA,NA,NA,NA,398,60000,1999.5,"misc",NA
2000,2001,"OMN",9,13,NA,0.022943488943489,16.1,"maternal",55942,TRUE,NA,"Vital Registration and Surveillance 1991-2018",NA,NA,NA,NA,NA,407,58000,2000.5,"misc",NA
2001,2002,"OMN",12,13,NA,0.0310542452830189,23.1,"maternal",51948,TRUE,NA,"Vital Registration and Surveillance 1991-2018",NA,NA,NA,NA,NA,424,57000,2001.5,"misc",NA
2002,2003,"OMN",18,21,NA,0.0472972972972973,37.5,"maternal",47949,TRUE,NA,"Vital Registration and Surveillance 1991-2018",NA,NA,NA,NA,NA,444,56000,2002.5,"misc",NA
2003,2004,"OMN",10,13,NA,0.0303809523809524,23.2,"maternal",43134,TRUE,NA,"Vital Registration and Surveillance 1991-2018",NA,NA,NA,NA,NA,420,55000,2003.5,"misc",NA
2004,2005,"OMN",8,11,NA,0.0236078886310905,18.5,"maternal",43262,TRUE,NA,"Vital Registration and Surveillance 1991-2018",NA,NA,NA,NA,NA,431,55000,2004.5,"misc",NA
2005,2006,"OMN",7,12,NA,0.0187720090293454,15.4,"maternal",45599,TRUE,NA,"Vital Registration and Surveillance 1991-2018",NA,NA,NA,NA,NA,443,54000,2005.5,"misc",NA
2006,2007,"OMN",6,7,NA,0.0139110629067245,12.1,"maternal",49399,TRUE,NA,"Vital Registration and Surveillance 1991-2018",NA,NA,NA,NA,NA,461,53000,2006.5,"misc",NA
2007,2008,"OMN",11,16,NA,0.0229337474120083,20.9,"maternal",52619,TRUE,NA,"Vital Registration and Surveillance 1991-2018",NA,NA,NA,NA,NA,483,53000,2007.5,"misc",NA
2008,2009,"OMN",9,12,NA,0.0177814432989691,15.4,"maternal",58331,TRUE,NA,"Vital Registration and Surveillance 1991-2018",NA,NA,NA,NA,NA,485,56000,2008.5,"misc",NA
2009,2010,"OMN",10,14,NA,0.0187044534412955,15.4,"maternal",64735,TRUE,NA,"Vital Registration and Surveillance 1991-2018",NA,NA,NA,NA,NA,494,60000,2009.5,"misc",NA
2010,2011,"OMN",16,17,NA,0.0376289156626506,24.4,"maternal",65537,TRUE,NA,"Vital Registration and Surveillance 1991-2018",NA,NA,NA,NA,NA,415,64000,2010.5,"misc",NA
2011,2012,"OMN",11,14,NA,0.0268085106382979,16.2,"maternal",67922,TRUE,NA,"Vital Registration and Surveillance 1991-2018",NA,NA,NA,NA,NA,423,70000,2011.5,"misc",NA
2012,2013,"OMN",12,14,NA,0.0291176470588235,16.5,"maternal",72867,TRUE,NA,"Vital Registration and Surveillance 1991-2018",NA,NA,NA,NA,NA,425,75000,2012.5,"misc",NA
2013,2014,"OMN",9,12,NA,0.0212366589327146,11.3,"maternal",79417,TRUE,NA,"Vital Registration and Surveillance 1991-2018",NA,NA,NA,NA,NA,431,81000,2013.5,"misc",NA
2014,2015,"OMN",16,18,NA,0.0386910377358491,19.3,"maternal",82981,TRUE,NA,"Vital Registration and Surveillance 1991-2018",NA,NA,NA,NA,NA,424,85000,2014.5,"misc",NA
2015,2016,"OMN",16,17,NA,0.0394188861985472,18.5,"maternal",86286,TRUE,NA,"Vital Registration and Surveillance 1991-2018",NA,NA,NA,NA,NA,413,88000,2015.5,"misc",NA
2016,2017,"OMN",11,15,NA,0.0280548628428928,12.5,"maternal",88346,TRUE,NA,"Vital Registration and Surveillance 1991-2018",NA,NA,NA,NA,NA,401,90000,2016.5,"misc",NA
2017,2018,"OMN",19,21,NA,0.0466666666666667,21,"maternal",90371,TRUE,NA,"Vital Registration and Surveillance 1991-2018",NA,NA,NA,NA,NA,414,92000,2017.5,"misc",NA
2018,2019,"OMN",13,15,NA,0.0329811320754717,15.2,"maternal",85768,TRUE,NA,"Vital Registration and Surveillance 1991-2018",NA,NA,NA,NA,NA,424,92000,2018.5,"misc",NA
2002,2003,"PER",734,NA,NA,0.0643582089552239,118.3,"maternal",NA,TRUE,NA,"La mortalidad materna en el Perú 2002-2011
",NA,NA,NA,NA,NA,11323,616000,2002.5,"misc",NA
2003,2004,"PER",766,NA,NA,0.0683646795159122,123.8,"maternal",NA,TRUE,NA,"La mortalidad materna en el Perú 2002-2011
",NA,NA,NA,NA,NA,11155,616000,2003.5,"misc",NA
2004,2005,"PER",746,NA,NA,0.0681979553062517,120.8,"maternal",NA,TRUE,NA,"La mortalidad materna en el Perú 2002-2011
",NA,NA,NA,NA,NA,11053,624000,2004.5,"misc",NA
2005,2006,"PER",703,NA,NA,0.06555321861058,114.1,"maternal",NA,TRUE,NA,"La mortalidad materna en el Perú 2002-2011
",NA,NA,NA,NA,NA,10983,631000,2005.5,"misc",NA
2006,2007,"PER",706,NA,NA,0.0667839816933638,114.9,"maternal",NA,TRUE,NA,"La mortalidad materna en el Perú 2002-2011
",NA,NA,NA,NA,NA,10925,635000,2006.5,"misc",NA
2007,2008,"PER",676,NA,NA,0.0635703898936654,110.5,"maternal",NA,TRUE,NA,"La mortalidad materna en el Perú 2002-2011
",NA,NA,NA,NA,NA,11003,633000,2007.5,"misc",NA
2008,2009,"PER",656,NA,NA,0.062727897473997,107.9,"maternal",NA,TRUE,NA,"La mortalidad materna en el Perú 2002-2011
",NA,NA,NA,NA,NA,10768,626000,2008.5,"misc",NA
2009,2010,"PER",580,NA,NA,0.0560014942099365,96.1,"maternal",NA,TRUE,NA,"La mortalidad materna en el Perú 2002-2011
",NA,NA,NA,NA,NA,10708,624000,2009.5,"misc",NA
2010,2011,"PER",574,NA,NA,0.0563581209585394,95.9,"maternal",NA,TRUE,NA,"La mortalidad materna en el Perú 2002-2011
",NA,NA,NA,NA,NA,10516,618000,2010.5,"misc",NA
2011,2012,"PER",550,NA,NA,0.0555041023637429,92.7,"maternal",NA,TRUE,NA,"La mortalidad materna en el Perú 2002-2011
",NA,NA,NA,NA,NA,10238,613000,2011.5,"misc",NA
2004,2012,"PHL",NA,NA,1084,0.123,221,"pregn",NA,TRUE,NA,"FHS 2011
",NA,NA,NA,NA,NA,282198,19029000,2008,"misc",NA
1991,1998,"PHL",NA,NA,NA,0.112188208715297,172,"pregn",NA,TRUE,NA,"NDHS 1998
",NA,NA,NA,NA,NA,230170,15013000,1994.5,"misc",NA
1997.42,1998.33,"SAU",92,96,NA,0.0263824193073678,23,"maternal",399601,TRUE,NA,"Maternal Mortality 1997-1998 
",NA,NA,NA,NA,NA,4586.84999999926,526139.999999916,1997.875,"misc",NA
2006.14,2007.14,"ZAF",NA,NA,NA,0.043,702,"pregn",NA,FALSE,"Study not nationally representative","2007 Community Survey
",NA,NA,NA,NA,NA,158449.659999999,1113800,2006.64,"misc",NA
2004,2006,"SSD",NA,NA,NA,0.565049729321415,2037,"maternal",NA,TRUE,NA,"SHHS 2006
",NA,NA,NA,NA,NA,23829,661000,2005,"misc",NA
1995,1996,"LKA",158,NA,NA,0.0364368814030214,61,"maternal",337683,TRUE,NA,"MDSR 2014
",NA,NA,NA,NA,NA,5759,344000,1995.5,"misc",NA
1996,1997,"LKA",183,NA,NA,0.0357488911634255,62,"maternal",341006,TRUE,NA,"MDSR 2014
",NA,NA,NA,NA,NA,5862,338000,1996.5,"misc",NA
1997,1998,"LKA",198,NA,NA,0.0354568570944228,63,"maternal",321996,TRUE,NA,"MDSR 2014
",NA,NA,NA,NA,NA,5899,332000,1997.5,"misc",NA
1998,1999,"LKA",160,NA,NA,0.0287802840434419,53,"maternal",315935,TRUE,NA,"MDSR 2014
",NA,NA,NA,NA,NA,5985,325000,1998.5,"misc",NA
1999,2000,"LKA",157,NA,NA,0.0313153611393693,55.8,"maternal",308459,TRUE,NA,"MDSR 2014
",NA,NA,NA,NA,NA,5898,331000,1999.5,"misc",NA
2000,2001,"LKA",179,NA,NA,0.0253130990415335,55.6,"maternal",310880,TRUE,NA,"MDSR 2014
",NA,NA,NA,NA,NA,7512,342000,2000.5,"misc",NA
2001,2002,"LKA",167,NA,5628,0.029673063,46.6,"maternal",356213,TRUE,NA,"MDSR 2014
",NA,NA,NA,NA,NA,7136,356000,2001.5,"misc",NA
2002,2003,"LKA",194,NA,5553,0.034936071,53.4,"maternal",363549,TRUE,NA,"MDSR 2014
",NA,NA,NA,NA,NA,7033,362000,2002.5,"misc",NA
2003,2004,"LKA",154,NA,5684,0.027093596,42.4,"maternal",363343,TRUE,NA,"MDSR 2014
",NA,NA,NA,NA,NA,6947,365000,2003.5,"misc",NA
2004,2005,"LKA",144,NA,5441,0.026465723,38,"maternal",360220,TRUE,NA,"MDSR 2014
",NA,NA,NA,NA,NA,14959,366000,2004.5,"misc",NA
2005,2006,"LKA",164,NA,9902,0.016562311,44,"maternal",370424,TRUE,NA,"MDSR 2014
",NA,NA,NA,NA,NA,6653,371000,2005.5,"misc",NA
2006,2007,"LKA",146,NA,5243,0.027846653,39.3,"maternal",371264,TRUE,NA,"MDSR 2014
",NA,NA,NA,NA,NA,6539,382000,2006.5,"misc",NA
2007,2008,"LKA",141,NA,NA,0.0224564850345357,38.4,"maternal",380069,TRUE,NA,"MDSR 2014
",NA,NA,NA,NA,NA,6515,381000,2007.5,"misc",NA
2008,2009,"LKA",134,NA,NA,0.0189571666414409,33.4,"maternal",379912,TRUE,NA,"MDSR 2014
",NA,NA,NA,NA,NA,6607,375000,2008.5,"misc",NA
2009,2010,"LKA",160,NA,NA,0.0168687399954265,40.2,"maternal",NA,TRUE,NA,"MDSR 2014
",NA,NA,NA,NA,NA,8746,367000,2009.5,"misc",NA
2010,2011,"LKA",126,NA,NA,0.0179765923566879,31.1,"maternal",NA,TRUE,NA,"MDSR 2014
",NA,NA,NA,NA,NA,6280,363000,2010.5,"misc",NA
2011,2012,"LKA",118,NA,NA,0.0191701680672269,32.5,"maternal",NA,TRUE,NA,"MDSR 2014
",NA,NA,NA,NA,NA,6188,365000,2011.5,"misc",NA
2012,2013,"LKA",134,NA,NA,0.0230571380697051,37.7,"maternal",NA,TRUE,NA,"MDSR 2014
",NA,NA,NA,NA,NA,5968,365000,2012.5,"misc",NA
2013,2014,"LKA",119,NA,NA,0.0206131078224101,32.5,"maternal",321880,TRUE,NA,"MDSR 2014
",NA,NA,NA,NA,NA,5676,360000,2013.5,"misc",NA
2014,2015,"LKA",112,NA,NA,0.02,32,"maternal",NA,TRUE,NA,"MDSR 2014
",NA,NA,NA,NA,NA,5584,349000,2014.5,"misc",NA
2015,2016,"LKA",113,NA,NA,0.021081876724931,33.7,"maternal",NA,TRUE,NA,"MDSR 2019",NA,NA,NA,NA,NA,5435,340000,2015.5,"misc",NA
2016,2017,"LKA",112,NA,NA,0.0216992481203007,33.8,"maternal",NA,TRUE,NA,"MDSR 2019",NA,NA,NA,NA,NA,5187,333000,2016.5,"misc",NA
2017,2018,"LKA",127,NA,NA,0.0245014409221902,39,"maternal",326052,TRUE,NA,"MDSR 2019",NA,NA,NA,NA,NA,5205,327000,2017.5,"misc",NA
2009,2010,"LBY",33,NA,9100,0.003626374,NA,"maternal",NA,FALSE,"Study not nationally representative","Vital Registry 2009
",NA,NA,NA,NA,NA,2470,147000,2009.5,"misc",NA
2010,2011,"LBY",23,NA,10321,0.002228466,NA,"maternal",NA,FALSE,"Study not nationally representative","Vital Registry 2010
",NA,NA,NA,NA,NA,2628,153000,2010.5,"misc",NA
2004,2006,"SDN",NA,NA,NA,0.234723156555534,638,"maternal",NA,TRUE,NA,"SHHS 2006
",NA,NA,NA,NA,NA,57379,2111000,2005,"misc",NA
2008,2010,"SDN",NA,NA,NA,0.102877221766475,215.6,"maternal",NA,TRUE,NA,"SHHS 2010
",NA,NA,NA,NA,NA,51198,2443000,2009,"misc",NA
2008,2010,"SYR",NA,28,NA,0.0676792916871618,52,"pregn",53000,TRUE,NA,"FHS 2009
",NA,NA,NA,NA,NA,10165,1323000,2009,"misc",NA
2008,2009,"SYR",382,NA,NA,0.0726305646560031,56,"maternal",682926,TRUE,NA,"Maternal Mortality in 1990 - 2009
",NA,NA,NA,NA,NA,5189,673000,2008.5,"misc",NA
1997,1998,"THA",303,NA,26143,0.0115,36.5,"maternal",830090,TRUE,NA,"Maternal Mortality in Thailand 1997-1998
",NA,NA,NA,NA,NA,31695,1015000,1997.5,"misc",NA
1998,1999,"THA",313,NA,28380,0.011,36.4,"maternal",859196,TRUE,NA,"Maternal Mortality in Thailand 1997-1998
",NA,NA,NA,NA,NA,32107,961000,1998.5,"misc",NA
2004,2005,"THA",362,378,32658,0.011084573,44.5,"maternal",813069,TRUE,NA,"MMR 2004
",NA,NA,NA,NA,NA,36535,828000,2004.5,"misc",NA
2005,2006,"THA",303,312,29398,0.010306824,37.4,"maternal",809485,TRUE,NA,"MMR 2005
",NA,NA,NA,NA,NA,33740,837000,2005.5,"misc",NA
2006,2007,"THA",330,355,27934,0.011813561,41.6,"maternal",793623,TRUE,NA,"MMR 2006
",NA,NA,NA,NA,NA,30352,827000,2006.5,"misc",NA
1995,1997,"THA",93,NA,7239,0.013,44.1,"maternal",210726,TRUE,NA,"Maternal Mortality in Thailand 1995-1996
",NA,NA,NA,NA,NA,65271,2081000,1996,"misc",NA
1993.5,1994.42,"TUN",140,154,1477,0.09478673,68.9,"maternal",203193,TRUE,NA,"MMS 1993-1994
",NA,NA,NA,NA,NA,2157.86000000017,192520.000000015,1993.96,"misc",NA
2008,2009,"TUN",82,NA,1816,0.045154185,44.8,"maternal",183000,TRUE,NA,"MMS 2008
",NA,NA,NA,NA,NA,2749,185000,2008.5,"misc",NA
2012,2013,"TUR",197,NA,12031,0.016374366,15.4,"maternal",1294605,TRUE,NA,"Türkiye Ministry of Health, 2013
",NA,NA,NA,NA,NA,13645,1327000,2012.5,"misc",NA
2011,2012,"TUR",198,NA,13125,0.015085714,15.5,"maternal",1237172,TRUE,NA,"Türkiye Ministry of Health, 2013
",NA,NA,NA,NA,NA,14543,1308000,2011.5,"misc",NA
2010,2011,"TUR",NA,NA,12980,0.0151348738002133,16.4,"maternal",NA,TRUE,NA,"Türkiye Ministry of Health, 2013
",NA,NA,NA,NA,NA,14065,1298000,2010.5,"misc",NA
2009,2010,"TUR",NA,NA,14015,0.0170107054236086,18.4,"maternal",NA,TRUE,NA,"Türkiye Ministry of Health, 2013
",NA,NA,NA,NA,NA,14105,1304000,2009.5,"misc",NA
2008,2009,"TUR",NA,NA,NA,0.0178085405253547,19.4,"maternal",NA,TRUE,NA,"Türkiye Ministry of Health, 2013
",NA,NA,NA,NA,NA,14238,1307000,2008.5,"misc",NA
2007,2008,"TUR",NA,NA,NA,0.0194130495659479,21.2,"maternal",NA,TRUE,NA,"Türkiye Ministry of Health, 2013
",NA,NA,NA,NA,NA,14284,1308000,2007.5,"misc",NA
2013,2014,"TUR",204,NA,NA,0.0164889790295423,15.9,"maternal",1297505,TRUE,NA,"Türkiye Ministry of Health, 2015
",NA,NA,NA,NA,NA,13066,1355000,2013.5,"misc",NA
2014,2015,"TUR",203,NA,NA,0.0164445132332456,15.2,"maternal",1350353,TRUE,NA,"Türkiye Ministry of Health, 2015
",NA,NA,NA,NA,NA,12922,1398000,2014.5,"misc",NA
2015,2016,"TUR",195,NA,NA,0.0160793945010812,14.6,"maternal",1335564,TRUE,NA,"Türkiye Ministry of Health, 2019
",NA,NA,NA,NA,NA,12948,1426000,2015.5,"misc",NA
2016,2017,"TUR",193,NA,NA,0.0161903225806452,14.7,"maternal",1313615,TRUE,NA,"Türkiye Ministry of Health, 2019
",NA,NA,NA,NA,NA,13020,1434000,2016.5,"misc",NA
2017,2018,"TUR",188,NA,NA,0.0165225023938717,14.5,"maternal",1295784,TRUE,NA,"Türkiye Ministry of Health, 2019
",NA,NA,NA,NA,NA,12532,1428000,2017.5,"misc",NA
2008,2009,"ARE",1,NA,NA,0.00207154471544715,1.4,"maternal",68779,FALSE,"Study not nationally representative","Annual Statistical Report for the Years 1990 – 2008",NA,NA,NA,NA,NA,615,91000,2008.5,"misc",NA
2005,2006,"ARE",0,NA,NA,0,0,"maternal",64623,FALSE,"Study not nationally representative","Annual Statistical Report for the Years 1990 – 2008",NA,NA,NA,NA,NA,543,63000,2005.5,"misc",NA
2000,2001,"ARE",0,NA,NA,0,0,"maternal",54839,FALSE,"Study not nationally representative","Annual Statistical Report for the Years 1990 – 2008",NA,NA,NA,NA,NA,700,53000,2000.5,"misc",NA
1995,1996,"ARE",11,NA,NA,0.0185026362038664,22.4,"maternal",49064,FALSE,"Study not nationally representative","Annual Statistical Report for the Years 1990 – 2008",NA,NA,NA,NA,NA,569,47000,1995.5,"misc",NA
1990,1991,"ARE",17,NA,NA,0.0384471744471745,32.6,"maternal",52066,FALSE,"Study not nationally representative","Annual Statistical Report for the Years 1990 – 2008",NA,NA,NA,NA,NA,407,48000,1990.5,"misc",NA
2000,2002,"VNM",80,NA,796,0.100502513,130,"maternal",61341,FALSE,"Study not nationally representative","Maternal Mortality 2000-2001",NA,NA,NA,NA,NA,51086,2863000,2001,"misc",NA
2009,2010,"VNM",NA,533,15866,0.03359,69,"pregn",NA,TRUE,NA,"Census 2009",NA,NA,NA,NA,NA,27546,1472000,2009.5,"misc",NA
2001,2003,"YEM",NA,221,NA,0.305106488633856,365,"pregn",843233,TRUE,NA,"YFHS 2003",NA,NA,NA,NA,NA,18124,1515000,2002,"misc",NA
2011,2013,"YEM",NA,83,NA,0.138621962473085,148,"pregn",NA,TRUE,NA,"YNDHS 2013",NA,NA,NA,NA,NA,19506,1827000,2012,"misc",NA
2005,2015,"CHE",117,NA,NA,0.0118922755586197,14.8661097169721,"maternal",787025,TRUE,NA,"Perotto et al., 2021",5188,120,0,"Perotto, L., Zimmerman, R. Quack, K. (2020). Maternal mortality in Switzerland 2005-2014.  Zürich, Switzerland: Swiss Medical Weekly.",NA,9713,777000,2010,"misc",NA
2016,2017,"USA",610,NA,NA,NA,NA,"maternal",NA,TRUE,NA,"MacDorman et al., 2020",5189,763,0,"MacDorman, MF., Thoma, M., & Declercq, E. (2020).  Improving US maternal mortality reporting by analyzing literal text on death certificates,  United States, 2016-2017. College Park, MD: PLoSONE. Retrieved from: https://journals.plos.org/plosone/article?id=10.1371/journal.pone.0240701",NA,81583,3957000,2016.5,"misc",NA
2000.58,2014.92,"DNK",35,NA,NA,0.00269370654574676,3.9931728153922,"maternal",876496,TRUE,NA,"Bliddal et al., 2019",5252,NA,0,"Bliddal, M., Möller, S., Vinter, C, Rubin, K., Gange, J, Pottegård, A. (2019).  Validation of a comorbidity index for use in obstetric patients: A nationwide cohort study. Odense, Denmark:  Acta Obstetricia et Gynecologica Scandinavica. Retrieved from:  https://obgyn.onlinelibrary.wiley.com/doi/10.1111/aogs.13749",NA,13305.8000000001,897580.000000009,2007.75,"misc",NA
2010,2018,"LBN",136,NA,NA,NA,NA,"maternal",NA,TRUE,NA,"El-Kak et al., 2019",5266,NA,0,"El-Kak, F., Kabakian-Khasholian, T., Ammar, W., Nassar, A. (2019). A review of maternal mortality trends in Lebanon, 2010-2018. Gynecology Obstetrics. Retrieved from https://obgyn.onlinelibrary.wiley.com/doi/abs/10.1002/ijgo.12994.",NA,8096,807000,2014,"misc",NA
2016,2017,"LBN",NA,NA,NA,0.0211832061068702,20,"maternal",NA,TRUE,NA,"El-Kak et al., 2020",5266,NA,0,"El-Kak, F., Kabakian-Khasholian, T., Ammar, W., Nassar, A. (2019). A review of maternal mortality trends in Lebanon, 2010-2018. Gynecology Obstetrics. Retrieved from https://obgyn.onlinelibrary.wiley.com/doi/abs/10.1002/ijgo.12994.",NA,1048,111000,2016.5,"misc",NA
2018,2019,"LBN",NA,NA,NA,0.0134905660377358,13,"maternal",NA,TRUE,NA,"El-Kak et al., 2021",5266,NA,0,"El-Kak, F., Kabakian-Khasholian, T., Ammar, W., Nassar, A. (2019). A review of maternal mortality trends in Lebanon, 2010-2018. Gynecology Obstetrics. Retrieved from https://obgyn.onlinelibrary.wiley.com/doi/abs/10.1002/ijgo.12994.",NA,954,99000,2018.5,"misc",NA
1998,2003,"JAM",263,NA,NA,0.0489363178974286,91.3540194031769,"maternal",287891,TRUE,NA,"McCaw-Binns, Campbell and Spence, 2018",5485,NA,0,"McCaw-Binns, A., Campbell, L., Spence, S. (2018). The evolving contribution of non-communicable diseases to maternal mortality in Jamaica, 1998-2015: a population-based study. BJOG. Retrieved from https://pubmed.ncbi.nlm.nih.gov/29419921/.",NA,4891,262000,2000.5,"misc",NA
2004,2009,"JAM",238,NA,NA,0.0429077861333172,92.5504652799652,"maternal",257157,TRUE,NA,"McCaw-Binns, Campbell and Spence, 2019",5485,NA,0,"McCaw-Binns, A., Campbell, L., Spence, S. (2018). The evolving contribution of non-communicable diseases to maternal mortality in Jamaica, 1998-2015: a population-based study. BJOG. Retrieved from https://pubmed.ncbi.nlm.nih.gov/29419921/.",NA,5112,237000,2006.5,"misc",NA
2010,2015,"JAM",231,NA,NA,0.0425548855894175,101.34290314514,"maternal",227939,TRUE,NA,"McCaw-Binns, Campbell and Spence, 2020",5485,NA,0,"McCaw-Binns, A., Campbell, L., Spence, S. (2018). The evolving contribution of non-communicable diseases to maternal mortality in Jamaica, 1998-2015: a population-based study. BJOG. Retrieved from https://pubmed.ncbi.nlm.nih.gov/29419921/.",NA,4882,205000,2012.5,"misc",NA
1991,1992,"JPN",230,NA,NA,0.00546966462870697,9.45654082203654,"maternal",2432179,TRUE,NA,"Nagaya et al., 2000",5592,NA,0,"Nagaya, K., Fetters, M., Ishikawa, M., Kubo, T., Koyanagi, T., Saitto, Y., Sameshima, H., Sugimoto, M., Takagi, K.,  Chiba, Y., Honda, H., Mukubo, M., Kawamura, M., Satoh, S., Neki, R. (2000). Causes of Maternal Mortality in Japan. JAMA. Retrieved from https://jamanetwork.com/journals/jama/fullarticle/192734",NA,21352,1235000,1991.5,"misc",NA
2013,2013,"RUS",244,NA,NA,NA,NA,"maternal",NA,TRUE,NA,"Milovanov and Dobryakov, 2018",8154,NA,0,"Milovanov, A. & Dobryakov, A. (2018).  The increasing importance of extragenital pathology in the structure of maternal mortality in Russia. ПЕРЕДОВАЯ СТАТЬЯ. Retrieved from https://doi.org/10.17116/patol20188023-6",NA,NA,NA,2013,"misc",NA
2014,2014,"RUS",232,NA,NA,NA,NA,"maternal",NA,TRUE,NA,"Milovanov and Dobryakov, 2019",8154,NA,0,"Milovanov, A. & Dobryakov, A. (2018).  The increasing importance of extragenital pathology in the structure of maternal mortality in Russia. ПЕРЕДОВАЯ СТАТЬЯ. Retrieved from https://doi.org/10.17116/patol20188023-7",NA,NA,NA,2014,"misc",NA
1985,2009,"ISL",6,NA,NA,0.00574510262538175,5.4941029961175,"maternal",109208,TRUE,NA,"Birgisdottir et al., 2015",9537,11,0,"Birgisdottir, H., Bjarnadottir, R., Kristjansdottir, K., & Geirsson, R. (2015). Maternal deaths in  Iceland over 25 years. Acta Obstetricia et Gyneologica Scandinavia. DOI: 10.1111/aogs.12797",NA,985,103000,1997,"misc",NA
2014,2015,"KOR",48,NA,NA,0.0103863346069942,11.0234592993214,"maternal",435435,TRUE,NA,"Shin et al., 2017",8064,NA,0,"Shin, H-Y., Lee, J-Y., Song, J., Lee, S., Lee, J., Lim, B., Kim, H. (2017). Infant, maternal, and perinatal mortality statistics in the Republic of Korea, 2014. Journal of Korean Med Association. Retrieved from pISSN 1975-8456 / eISSN 2093-5951 https://doi.org/10.5124/jkma.2017.60.7.588 https://doi.org/10.5124/jkma.2017.60.7.588",NA,4585,432000,2014.5,"misc",NA
2012,2013,"IND",215,NA,NA,NA,NA,"maternal",NA,TRUE,NA,"Tripathy and Mishra, 2017",9354,NA,0,"J. P. Tripathy, S. Mishra (2017). Causes and Predictors of Neonatal, Post- neonatal and Maternal Deaths in India: Analysis of a Nationwide District-Level Household Survey-4 (DLHS-4), 2012-13. Journal of Tropical Pediatrics, 2017, 63, 431–439 doi: 10.1093/tropej/fmx009.",NA,626083,26027000,2012.5,"misc",NA
2001,2012,"FIN",38,NA,NA,NA,NA,"maternal",NA,TRUE,NA,"Karalis et al., 2016",9395,NA,0,"Karalis, E., Ulander, V-M, Tapper, A-M, Gissler, M. (2016). Decreasing mortality during pregnancy and for a year after while mortality after termination of pregnancy remains high: a population-based register study of pregnancy-associated deaths in Finland 2001-2012. BJOG.",NA,9691,641000,2006.5,"misc",NA
2018,2019,"USA",658,NA,NA,NA,NA,"maternal",NA,TRUE,NA,"Hoyert, 2021",62373,NA,0,"Hoyert, DL. Maternal mortality rates in the United States, 2019. NCHS Health E-Stats. 2021. Retrieved from: https://doi.org/10.15620/cdc:103855.",NA,81650,3802000,2018.5,"misc",NA
2019,2020,"USA",754,NA,NA,NA,NA,"maternal",NA,TRUE,NA,"Hoyert, 2021",62373,NA,0,"Hoyert, DL. Maternal mortality rates in the United States, 2019. NCHS Health E-Stats. 2021. Retrieved from: https://doi.org/10.15620/cdc:103855.",NA,81724,3757000,2019.5,"misc",NA
2017.17,2018.17,"SUR",10,NA,NA,0.0475526727338518,109.72130787799,"maternal",9114,TRUE,NA,"Kim et al., 2020",5177,NA,0,"Verschueren, K. J., Kodan, L. R., Paidin, R. R., Samijadi, S. M., Paidin, R. R., Rijken, M. J., Browne, J. L., Bloemenkamp, K. W. 2020, Applicability of the WHO maternal near-miss tool: A nationwide surveillance study in Suriname,  Journal of Global Health, retrieved from: doi: 10.7189/jogh.10.020429",NA,253.809999999999,11000,2017.67,"misc",NA
2017,2018,"LBN",21,NA,NA,0.0178577752838623,16.8543383869596,"maternal",124597,TRUE,NA,"MOPH-Lebanon, 2018",62376,NA,0,"Lebanon Ministry of Public Health. (2018). Vital Data Observatory by Qada and Nationality 2017. retrieved from: https://www.moph.gov.lb/en/Pages/8/14246/vital-data-observatory-statistics",NA,991,105000,2017.5,"misc",NA
2018,2019,"LBN",17,NA,NA,0.0138753289083648,13.3707714935152,"maternal",127143,TRUE,NA,"MOPH-Lebanon, 2019",62376,NA,0,"Lebanon Ministry of Public Health. (2019). Vital Data Observatory by Qada and Nationality 2018. retrieved from: https://www.moph.gov.lb/en/Pages/8/14246/vital-data-observatory-statistics",NA,954,99000,2018.5,"misc",NA
2013,2014,"CHN",NA,NA,NA,0.012162104265675,23.2,"maternal",NA,TRUE,NA,"China Statistics Yearbook, 2019",62378,NA,0,"National Bureau of Statistics of China. 2019. “China Statistical Yearbook 2019: 22-18 Mortality Rate of the Maternal and Children Aged under 5 in Surveillence Areas.” National Bureau of Statistics of the People′ s Republic of China. http://www.stats.gov.cn/tjsj/ndsj/2019/indexeh.htm.",NA,348245,18256000,2013.5,"misc",NA
2014,2015,"CHN",NA,NA,NA,0.0121437449531956,21.7,"maternal",NA,TRUE,NA,"China Statistics Yearbook, 2019",62378,NA,0,"National Bureau of Statistics of China. 2019. “China Statistical Yearbook 2019: 22-18 Mortality Rate of the Maternal and Children Aged under 5 in Surveillence Areas.” National Bureau of Statistics of the People′ s Republic of China. http://www.stats.gov.cn/tjsj/ndsj/2019/indexeh.htm.",NA,334370,18712000,2014.5,"misc",NA
2015,2016,"CHN",NA,NA,NA,0.0109059349285035,20.1,"maternal",NA,TRUE,NA,"China Statistics Yearbook, 2019",62378,NA,0,"National Bureau of Statistics of China. 2019. “China Statistical Yearbook 2019: 22-18 Mortality Rate of the Maternal and Children Aged under 5 in Surveillence Areas.” National Bureau of Statistics of the People′ s Republic of China. http://www.stats.gov.cn/tjsj/ndsj/2019/indexeh.htm.",NA,321554,17447000,2015.5,"misc",NA
2016,2017,"CHN",NA,NA,NA,0.0117823435688517,19.9,"maternal",NA,TRUE,NA,"China Statistics Yearbook, 2019",62378,NA,0,"National Bureau of Statistics of China. 2019. “China Statistical Yearbook 2019: 22-18 Mortality Rate of the Maternal and Children Aged under 5 in Surveillence Areas.” National Bureau of Statistics of the People′ s Republic of China. http://www.stats.gov.cn/tjsj/ndsj/2019/indexeh.htm.",NA,308794,18283000,2016.5,"misc",NA
2017,2018,"CHN",NA,NA,NA,0.0121470062014878,19.6,"maternal",NA,TRUE,NA,"China Statistics Yearbook, 2019",62378,NA,0,"National Bureau of Statistics of China. 2019. “China Statistical Yearbook 2019: 22-18 Mortality Rate of the Maternal and Children Aged under 5 in Surveillence Areas.” National Bureau of Statistics of the People′ s Republic of China. http://www.stats.gov.cn/tjsj/ndsj/2019/indexeh.htm.",NA,297348,18428000,2017.5,"misc",NA
2018,2019,"CHN",NA,NA,NA,0.0100155841863749,18.3,"maternal",NA,TRUE,NA,"China Statistics Yearbook, 2019",62378,NA,0,"National Bureau of Statistics of China. 2019. “China Statistical Yearbook 2019: 22-18 Mortality Rate of the Maternal and Children Aged under 5 in Surveillence Areas.” National Bureau of Statistics of the People′ s Republic of China. http://www.stats.gov.cn/tjsj/ndsj/2019/indexeh.htm.",NA,283300,15505000,2018.5,"misc",NA
2019,2020,"CHN",NA,NA,NA,0.00956994169535363,17.8,"maternal",NA,TRUE,NA,"Lu et al., 2021",62379,NA,0,"Chen, Lu, Penghui Feng, Lance Shaver, and Zengwu Wang. 2021. “Maternal Mortality Ratio in China from 1990 to 2019 : Trends , Causes and Correlations.” BMC Public Health: 4–11.",NA,272191,14634000,2019.5,"misc",NA
2018,2019,"TUR",NA,NA,NA,0.0155809587663426,13.6,"maternal",NA,TRUE,NA,"Türkiye Ministry of Health, 2021",62380,NA,0,"Ministry of Health. 2021. “United Nations Minimum Set of Gender Indicators: Maternal Mortality Ratio, 2007-2019.” https://data.tuik.gov.tr/Bulten/DownloadIstatistikselTablo?p=4vCdI1QtRqwCa5OYB4fRxrubGpbgyL42DOMlCCcHJZByxv9ok3OOQSOVhL0qbfym.",NA,11932,1367000,2018.5,"misc",NA
2019,2020,"TUR",NA,NA,NA,0.0148299739357081,13.1,"maternal",NA,TRUE,NA,"Türkiye Ministry of Health, 2021",62380,NA,0,"Ministry of Health. 2021. “United Nations Minimum Set of Gender Indicators: Maternal Mortality Ratio, 2007-2019.” https://data.tuik.gov.tr/Bulten/DownloadIstatistikselTablo?p=4vCdI1QtRqwCa5OYB4fRxrubGpbgyL42DOMlCCcHJZByxv9ok3OOQSOVhL0qbfym.",NA,11510,1303000,2019.5,"misc",NA
2019,2020,"PSE",26,NA,NA,0.0282890704800817,19.1,"maternal",NA,TRUE,NA,"Ministry of Health [Palestine], 2020",62381,NA,0,"Ministry of Health [Palestine Occupied Territory] (2020). Maternal Death Review Report for 2019.",NA,979,145000,2019.5,"misc",NA
2020,2021,"USA",861,NA,NA,0.0092807735217553,23.8,"maternal",NA,TRUE,NA,"Hoyert, 2022",62385,NA,0,"Hoyert, DL. Maternal mortality rates in the United States, 2020. NCHS Health E-Stats. 2022. DOI: https://dx.doi.org/10.15620/cdc:113967external icon. Retrieved from: https://www.cdc.gov/nchs/data/hestat/maternal-mortality/2020/maternal-mortality-rates-2020.htm",NA,94115,3670000,2020.5,"misc",NA
2016,2017,"BHR",5,NA,172,0.0290697674418605,24.1382639760548,"maternal",20714,TRUE,NA,"Country consultation [Bahrain], 2022",62396,NA,0,"country consultation [Bahrain], 2022. CRVS extract provided for 2016-2020 during country consultation.",NA,146,21000,2016.5,"misc",NA
2017,2018,"BHR",3,NA,167,0.0179640718562874,14.5765511879889,"maternal",20581,TRUE,NA,"Country consultation [Bahrain], 2022",62396,NA,0,"country consultation [Bahrain], 2022. CRVS extract provided for 2016-2020 during country consultation.",NA,149,21000,2017.5,"misc",NA
2018,2019,"BHR",4,NA,176,0.0227272727272727,20.2634245187437,"maternal",19740,TRUE,NA,"Country consultation [Bahrain], 2022",62396,NA,0,"country consultation [Bahrain], 2022. CRVS extract provided for 2016-2020 during country consultation.",NA,151,21000,2018.5,"misc",NA
2019,2020,"BHR",3,NA,195,0.0153846153846154,16.1194992208909,"maternal",18611,TRUE,NA,"Country consultation [Bahrain], 2022",62396,NA,0,"country consultation [Bahrain], 2022. CRVS extract provided for 2016-2020 during country consultation.",NA,152,20000,2019.5,"misc",NA
2020,2021,"BHR",2,NA,164,0.0121951219512195,11.0852455381887,"maternal",18042,TRUE,NA,"Country consultation [Bahrain], 2022",62396,NA,0,"country consultation [Bahrain], 2022. CRVS extract provided for 2016-2020 during country consultation.",NA,158,19000,2020.5,"misc",NA
2005,2006,"TTO",6,NA,NA,0.0102218830071417,34.7544022242817,"maternal",17264,TRUE,NA,"Country consultation [Trinidad and Tobago], 2022",62398,NA,0,"country consultation [Trinidad and Tobago], 2022. data provided for 2005-2018 during country consultation",NA,680,20000,2005.5,"misc",NA
2006,2007,"TTO",12,NA,NA,0.019267424977464,66.334991708126,"maternal",18090,TRUE,NA,"Country consultation [Trinidad and Tobago], 2022",62398,NA,0,"country consultation [Trinidad and Tobago], 2022. data provided for 2005-2018 during country consultation",NA,723,21000,2006.5,"misc",NA
2007,2008,"TTO",6,NA,NA,0.00950220654810628,31.764519032241,"maternal",18889,TRUE,NA,"Country consultation [Trinidad and Tobago], 2022",62398,NA,0,"country consultation [Trinidad and Tobago], 2022. data provided for 2005-2018 during country consultation",NA,702,21000,2007.5,"misc",NA
2008,2009,"TTO",11,NA,NA,0.0165456470766205,55.3097345132743,"maternal",19888,TRUE,NA,"Country consultation [Trinidad and Tobago], 2022",62398,NA,0,"country consultation [Trinidad and Tobago], 2022. data provided for 2005-2018 during country consultation",NA,702,21000,2008.5,"misc",NA
2009,2010,"TTO",8,NA,NA,0.0157573281424192,44.5707281742715,"maternal",17949,TRUE,NA,"Country consultation [Trinidad and Tobago], 2022",62398,NA,0,"country consultation [Trinidad and Tobago], 2022. data provided for 2005-2018 during country consultation",NA,594,21000,2009.5,"misc",NA
2010,2011,"TTO",13,NA,NA,0.0225983125931042,67.3644937299202,"maternal",19298,TRUE,NA,"Country consultation [Trinidad and Tobago], 2022",62398,NA,0,"country consultation [Trinidad and Tobago], 2022. data provided for 2005-2018 during country consultation",NA,626,21000,2010.5,"misc",NA
2011,2012,"TTO",6,NA,NA,0.0111273704169143,32.3223616872273,"maternal",18563,TRUE,NA,"Country consultation [Trinidad and Tobago], 2022",62398,NA,0,"country consultation [Trinidad and Tobago], 2022. data provided for 2005-2018 during country consultation",NA,610,21000,2011.5,"misc",NA
2012,2013,"TTO",7,NA,589,0.0118845500848896,37.1037845860278,"maternal",18866,TRUE,NA,"Country consultation [Trinidad and Tobago], 2022",62398,NA,0,"country consultation [Trinidad and Tobago], 2022. data provided for 2005-2018 during country consultation",NA,596,21000,2012.5,"misc",NA
2013,2014,"TTO",8,NA,NA,0.0154483113754285,42.2989478136731,"maternal",18913,TRUE,NA,"Country consultation [Trinidad and Tobago], 2022",62398,NA,0,"country consultation [Trinidad and Tobago], 2022. data provided for 2005-2018 during country consultation",NA,575,21000,2013.5,"misc",NA
2014,2015,"TTO",5,NA,574,0.00871080139372822,26.2136940337632,"maternal",19074,TRUE,NA,"Country consultation [Trinidad and Tobago], 2022",62398,NA,0,"country consultation [Trinidad and Tobago], 2022. data provided for 2005-2018 during country consultation",NA,559,20000,2014.5,"misc",NA
2015,2016,"TTO",9,NA,562,0.0160142348754448,49.2853622474125,"maternal",18261,TRUE,NA,"Country consultation [Trinidad and Tobago], 2022",62398,NA,0,"country consultation [Trinidad and Tobago], 2022. data provided for 2005-2018 during country consultation",NA,533,20000,2015.5,"misc",NA
2016,2017,"TTO",6,NA,584,0.0102739726027397,33.0724286186749,"maternal",18142,TRUE,NA,"Country consultation [Trinidad and Tobago], 2022",62398,NA,0,"country consultation [Trinidad and Tobago], 2022. data provided for 2005-2018 during country consultation",NA,544,20000,2016.5,"misc",NA
2017,2018,"TTO",5,NA,602,0.00830564784053156,30.5101293629485,"maternal",16388,TRUE,NA,"Country consultation [Trinidad and Tobago], 2022",62398,NA,0,"country consultation [Trinidad and Tobago], 2022. data provided for 2005-2018 during country consultation",NA,547,19000,2017.5,"misc",NA
2018,2019,"TTO",2,NA,564,0.00354609929078014,12.3380629241209,"maternal",16210,TRUE,NA,"Country consultation [Trinidad and Tobago], 2022",62398,NA,0,"country consultation [Trinidad and Tobago], 2022. data provided for 2005-2018 during country consultation",NA,572,19000,2018.5,"misc",NA
2021,2022,"SYC",0,NA,45,0,0,"maternal",1665,TRUE,NA,"Country consultation [Seychelles], 2022",62399,NA,0,"country consultation [Seychelles], 2022. CRVS data provided for 2019-2021 during country consultation",NA,NA,NA,2021.5,"misc",NA
2020,2021,"SYC",0,NA,34,0,0,"maternal",1554,TRUE,NA,"Country consultation [Seychelles], 2022",62399,NA,0,"country consultation [Seychelles], 2022. CRVS data provided for 2019-2021 during country consultation",NA,37,2000,2020.5,"misc",NA
2019,2020,"SYC",1,NA,31,0.032258064516129,62.3052959501558,"maternal",1605,TRUE,NA,"Country consultation [Seychelles], 2022",62399,NA,0,"country consultation [Seychelles], 2022. CRVS data provided for 2019-2021 during country consultation",NA,23,2000,2019.5,"misc",NA
2019,2020,"BLR",1,NA,2407,0.000415454923140839,1.14152644916783,"maternal",87602,TRUE,NA,"Country consultation [Belarus], 2022",62342,NA,0,"country consultation [Belarus], 2022. CRVS data provided for 2019 during country consultation",NA,1890,93000,2019.5,"misc",NA
2017,2018,"BLZ",10,NA,NA,0.0995351707525854,134.37248051599,"maternal",7442,TRUE,NA,"Country consultation [Belize], 2022",62343,NA,0,"country consultation [Belize], 2022. CRVS data provided for 2000-2021 (extracted for 2000-2020) during country consultation without total female deaths",NA,108,8000,2017.5,"misc",NA
2018,2019,"BLZ",9,NA,NA,0.0878557701107349,115.31069827034,"maternal",7805,TRUE,NA,"Country consultation [Belize], 2022",62343,NA,0,"country consultation [Belize], 2022. CRVS data provided for 2000-2021 (extracted for 2000-2020) during country consultation without total female deaths",NA,105,8000,2018.5,"misc",NA
2019,2020,"BLZ",10,NA,NA,0.0925955321332952,137.570504883753,"maternal",7269,TRUE,NA,"Country consultation [Belize], 2022",62343,NA,0,"country consultation [Belize], 2022. CRVS data provided for 2000-2021 (extracted for 2000-2020) during country consultation without total female deaths",NA,104,7000,2019.5,"misc",NA
2020,2021,"BLZ",4,NA,NA,0.0239795009523288,57.20823798627,"maternal",6992,TRUE,NA,"Country consultation [Belize], 2022",62343,NA,0,"country consultation [Belize], 2022. CRVS data provided for 2000-2021 (extracted for 2000-2020) during country consultation without total female deaths",NA,167,7000,2020.5,"misc",NA
2000,2001,"BLZ",5,NA,NA,0.0389105490945515,68.3713934089977,"maternal",7313,TRUE,NA,"Country consultation [Belize], 2022",62343,NA,0,"country consultation [Belize], 2022. CRVS data provided for 2000-2021 (extracted for 2000-2020) during country consultation without total female deaths",NA,123,7000,2000.5,"misc",NA
2001,2002,"BLZ",4,NA,NA,0.0298523375446452,55.4400554400554,"maternal",7215,TRUE,NA,"Country consultation [Belize], 2022",62343,NA,0,"country consultation [Belize], 2022. CRVS data provided for 2000-2021 (extracted for 2000-2020) during country consultation without total female deaths",NA,130,7000,2001.5,"misc",NA
2002,2003,"BLZ",7,NA,NA,0.0502906078697617,92.678405931418,"maternal",7553,TRUE,NA,"Country consultation [Belize], 2022",62343,NA,0,"country consultation [Belize], 2022. CRVS data provided for 2000-2021 (extracted for 2000-2020) during country consultation without total female deaths",NA,129,7000,2002.5,"misc",NA
2003,2004,"BLZ",3,NA,NA,0.0214494956304313,40.4476203316705,"maternal",7417,TRUE,NA,"Country consultation [Belize], 2022",62343,NA,0,"country consultation [Belize], 2022. CRVS data provided for 2000-2021 (extracted for 2000-2020) during country consultation without total female deaths",NA,132,7000,2003.5,"misc",NA
2004,2005,"BLZ",5,NA,NA,0.0333581136463278,63.8569604086846,"maternal",7830,TRUE,NA,"Country consultation [Belize], 2022",62343,NA,0,"country consultation [Belize], 2022. CRVS data provided for 2000-2021 (extracted for 2000-2020) during country consultation without total female deaths",NA,134,7000,2004.5,"misc",NA
2005,2006,"BLZ",10,NA,NA,0.0670510929328148,134.10218586563,"maternal",7457,TRUE,NA,"Country consultation [Belize], 2022",62343,NA,0,"country consultation [Belize], 2022. CRVS data provided for 2000-2021 (extracted for 2000-2020) during country consultation without total female deaths",NA,140,7000,2005.5,"misc",NA
2006,2007,"BLZ",5,NA,NA,0.0369086184787744,69.5991091314031,"maternal",7184,TRUE,NA,"Country consultation [Belize], 2022",62343,NA,0,"country consultation [Belize], 2022. CRVS data provided for 2000-2021 (extracted for 2000-2020) during country consultation without total female deaths",NA,132,7000,2006.5,"misc",NA
2007,2008,"BLZ",6,NA,NA,0.0470090492419791,85.2878464818763,"maternal",7035,TRUE,NA,"Country consultation [Belize], 2022",62343,NA,0,"country consultation [Belize], 2022. CRVS data provided for 2000-2021 (extracted for 2000-2020) during country consultation without total female deaths",NA,127,7000,2007.5,"misc",NA
2008,2009,"BLZ",3,NA,NA,0.0239675684559408,42.4568355505236,"maternal",7066,TRUE,NA,"Country consultation [Belize], 2022",62343,NA,0,"country consultation [Belize], 2022. CRVS data provided for 2000-2021 (extracted for 2000-2020) during country consultation without total female deaths",NA,124,7000,2008.5,"misc",NA
2009,2010,"BLZ",4,NA,NA,0.0322528624415417,53.9083557951483,"maternal",7420,TRUE,NA,"Country consultation [Belize], 2022",62343,NA,0,"country consultation [Belize], 2022. CRVS data provided for 2000-2021 (extracted for 2000-2020) during country consultation without total female deaths",NA,117,7000,2009.5,"misc",NA
2010,2011,"BLZ",7,NA,NA,0.0589331890071562,96.8188105117566,"maternal",7230,TRUE,NA,"Country consultation [Belize], 2022",62343,NA,0,"country consultation [Belize], 2022. CRVS data provided for 2000-2021 (extracted for 2000-2020) during country consultation without total female deaths",NA,115,7000,2010.5,"misc",NA
2011,2012,"BLZ",0,NA,NA,0,0,"maternal",7217,TRUE,NA,"Country consultation [Belize], 2022",62343,NA,0,"country consultation [Belize], 2022. CRVS data provided for 2000-2021 (extracted for 2000-2020) during country consultation without total female deaths",NA,111,7000,2011.5,"misc",NA
2012,2013,"BLZ",5,NA,NA,0.0514471438475004,70.0967334922193,"maternal",7133,TRUE,NA,"Country consultation [Belize], 2022",62343,NA,0,"country consultation [Belize], 2022. CRVS data provided for 2000-2021 (extracted for 2000-2020) during country consultation without total female deaths",NA,109,8000,2012.5,"misc",NA
2013,2014,"BLZ",1,NA,NA,0.0102199329572398,13.7969094922737,"maternal",7248,TRUE,NA,"Country consultation [Belize], 2022",62343,NA,0,"country consultation [Belize], 2022. CRVS data provided for 2000-2021 (extracted for 2000-2020) during country consultation without total female deaths",NA,108,8000,2013.5,"misc",NA
2014,2015,"BLZ",4,NA,NA,0.0405607524019571,54.757015742642,"maternal",7305,TRUE,NA,"Country consultation [Belize], 2022",62343,NA,0,"country consultation [Belize], 2022. CRVS data provided for 2000-2021 (extracted for 2000-2020) during country consultation without total female deaths",NA,108,8000,2014.5,"misc",NA
2015,2016,"BLZ",8,NA,NA,0.0788976032387466,107.497984412792,"maternal",7442,TRUE,NA,"Country consultation [Belize], 2022",62343,NA,0,"country consultation [Belize], 2022. CRVS data provided for 2000-2021 (extracted for 2000-2020) during country consultation without total female deaths",NA,109,8000,2015.5,"misc",NA
2016,2017,"BLZ",6,NA,NA,0.0631828353297354,84.5070422535211,"maternal",7100,TRUE,NA,"Country consultation [Belize], 2022",62343,NA,0,"country consultation [Belize], 2022. CRVS data provided for 2000-2021 (extracted for 2000-2020) during country consultation without total female deaths",NA,107,8000,2016.5,"misc",NA
2014,2015,"BWA",72,NA,NA,0.0384036544850498,151.6,"maternal",47478,TRUE,NA,"Statistics Botswana, 2022",62370,NA,0,"Statistics Botswana (2022). Botswana maternal mortality ratio 2020. Retrieved from https://www.statsbots.org.bw/sites/default/files/publications/Maternal%20Mortality%20Ratio%202020%20MMR%20Report.pdf",NA,2408,61000,2014.5,"misc",NA
2015,2016,"BWA",73,NA,NA,0.0349751693002257,127,"maternal",57480,TRUE,NA,"Statistics Botswana, 2022",62370,NA,0,"Statistics Botswana (2022). Botswana maternal mortality ratio 2020. Retrieved from https://www.statsbots.org.bw/sites/default/files/publications/Maternal%20Mortality%20Ratio%202020%20MMR%20Report.pdf",NA,2215,61000,2015.5,"misc",NA
2016,2017,"BWA",85,NA,NA,0.0533963107881498,156.6,"maternal",54267,TRUE,NA,"Statistics Botswana, 2022",62370,NA,0,"Statistics Botswana (2022). Botswana maternal mortality ratio 2020. Retrieved from https://www.statsbots.org.bw/sites/default/files/publications/Maternal%20Mortality%20Ratio%202020%20MMR%20Report.pdf",NA,1789,61000,2016.5,"misc",NA
2017,2018,"BWA",75,NA,NA,0.0581427635887361,143.2,"maternal",52358,TRUE,NA,"Statistics Botswana, 2022",62370,NA,0,"Statistics Botswana (2022). Botswana maternal mortality ratio 2020. Retrieved from https://www.statsbots.org.bw/sites/default/files/publications/Maternal%20Mortality%20Ratio%202020%20MMR%20Report.pdf",NA,1527,62000,2017.5,"misc",NA
2018,2019,"BWA",71,NA,NA,0.0385912476722533,133.7,"maternal",53115,TRUE,NA,"Statistics Botswana, 2022",62370,NA,0,"Statistics Botswana (2022). Botswana maternal mortality ratio 2020. Retrieved from https://www.statsbots.org.bw/sites/default/files/publications/Maternal%20Mortality%20Ratio%202020%20MMR%20Report.pdf",NA,2148,62000,2018.5,"misc",NA
2019,2020,"BWA",87,NA,NA,0.0496179018286814,166.3,"maternal",52304,TRUE,NA,"Statistics Botswana, 2022",62370,NA,0,"Statistics Botswana (2022). Botswana maternal mortality ratio 2020. Retrieved from https://www.statsbots.org.bw/sites/default/files/publications/Maternal%20Mortality%20Ratio%202020%20MMR%20Report.pdf",NA,2078,62000,2019.5,"misc",NA
2020,2021,"BWA",76,NA,NA,0.0426066350710901,130.5,"maternal",58244,TRUE,NA,"Statistics Botswana, 2022",62370,NA,0,"Statistics Botswana (2022). Botswana maternal mortality ratio 2020. Retrieved from https://www.statsbots.org.bw/sites/default/files/publications/Maternal%20Mortality%20Ratio%202020%20MMR%20Report.pdf",NA,1899,62000,2020.5,"misc",NA
2019,2020,"CYP",0,NA,NA,0.0980508474576271,89,"maternal",NA,TRUE,NA,"Country consultation [Cyprus], 2022",62395,NA,0,"country consultation [Cyprus], 2022. data provided during country consultation for 2004-2020",NA,118,13000,2019.5,"misc",NA
2020,2021,"CYP",0,NA,NA,0.104,108,"maternal",NA,TRUE,NA,"Country consultation [Cyprus], 2022",62395,NA,0,"country consultation [Cyprus], 2022. data provided during country consultation for 2004-2020",NA,135,13000,2020.5,"misc",NA
2019,2020,"LBN",16,NA,NA,0.0132442827442827,13.7,"maternal",116235,TRUE,NA,"Lebanon Ministry of Health, 2021",62390,NA,0,"Lebanon Ministry of Public Health. (2021). Vital Data Observatory Dashboard 2021. received during 2022 country consultation",NA,962,93000,2019.5,"misc",NA
2020,2021,"LBN",18,NA,NA,0.0157209302325581,16.9,"maternal",103078,TRUE,NA,"Lebanon Ministry of Health, 2021",62390,NA,0,"Lebanon Ministry of Public Health. (2021). Vital Data Observatory Dashboard 2021. received during 2022 country consultation",NA,946,88000,2020.5,"misc",NA
2021,2022,"LBN",45,NA,NA,NA,46.8,"maternal",96156,TRUE,NA,"Lebanon Ministry of Health, 2021",62390,NA,0,"Lebanon Ministry of Public Health. (2021). Vital Data Observatory Dashboard 2021. received during 2022 country consultation",NA,NA,NA,2021.5,"misc",NA
